season,week,gameday,game_id,team_abbr,team,opponent_abbr,opponent,score_margin,quality_score,underlying_edge,net_epa,success_margin,yards_per_play_margin,explosive_margin,turnover_margin,turnover_luck_index,offensive_plays,data_source,updated_at_utc
2026,1,,2026_01_ARI_LAC,ARI,Arizona Cardinals,LAC,Los Angeles Chargers,12.0,82.96875,0.26298487276719784,0.3881019133902505,0.10059676044330779,0.4842284739982947,-0.005967604433077575,2.0,0.3542410714285714,69,nflverse play-by-play,2026-09-15T15:01:42+00:00
2026,1,,2026_01_ARI_LAC,LAC,Los Angeles Chargers,ARI,Arizona Cardinals,-12.0,53.4375,-0.26298487276719784,-0.3881019133902505,-0.10059676044330779,-0.4842284739982947,0.005967604433077575,-2.0,-0.40580357142857143,51,nflverse play-by-play,2026-09-15T15:01:42+00:00
2026,1,,2026_01_ATL_PIT,ATL,Atlanta Falcons,PIT,Pittsburgh Steelers,-7.0,68.90625,0.0030896930563363333,-0.018229219225411597,0.058096059821685364,-0.20161058383664088,0.039689387402933554,-1.0,-0.5515625000000001,57,nflverse play-by-play,2026-09-15T15:01:42+00:00
2026,1,,2026_01_ATL_PIT,PIT,Pittsburgh Steelers,ATL,Atlanta Falcons,7.0,67.5,-0.0030896930563363333,0.018229219225411597,-0.058096059821685364,0.20161058383664088,-0.039689387402933554,1.0,0.5,61,nflverse play-by-play,2026-09-15T15:01:42+00:00
2026,1,,2026_01_BAL_IND,BAL,Baltimore Ravens,IND,Indianapolis Colts,18.0,90.0,0.47980397486982834,0.5627204728291337,0.08490566037735847,3.7474842767295593,0.01792452830188679,1.0,0.10714285714285719,60,nflverse play-by-play,2026-09-15T15:01:42+00:00
2026,1,,2026_01_BAL_IND,IND,Indianapolis Colts,BAL,Baltimore Ravens,-18.0,46.40625,-0.47980397486982834,-0.5627204728291337,-0.08490566037735847,-3.7474842767295593,-0.01792452830188679,-1.0,-0.1587053571428572,53,nflverse play-by-play,2026-09-15T15:01:42+00:00
2026,1,,2026_01_BUF_HOU,BUF,Buffalo Bills,HOU,Houston Texans,5.0,80.15625,0.18152544928387326,0.16035055297844503,-0.061907270811380366,2.665437302423604,0.04425711275026345,2.0,0.18236607142857142,52,nflverse play-by-play,2026-09-15T15:01:42+00:00
2026,1,,2026_01_BUF_HOU,HOU,Houston Texans,BUF,Buffalo Bills,-5.0,56.25,-0.18152544928387326,-0.16035055297844503,0.061907270811380366,-2.665437302423604,-0.04425711275026345,-2.0,-0.23392857142857143,73,nflverse play-by-play,2026-09-15T15:01:42+00:00
2026,1,,2026_01_CHI_CAR,CAR,Carolina Panthers,CHI,Chicago Bears,-22.0,59.0625,-0.15119667541718945,-0.22784584908255298,-0.05898617511520732,-0.17603686635944715,0.0004608294930875667,-1.0,-0.7799107142857143,62,nflverse play-by-play,2026-09-15T15:01:42+00:00
2026,1,,2026_01_CHI_CAR,CHI,Chicago Bears,CAR,Carolina Panthers,22.0,77.34375,0.15119667541718945,0.22784584908255298,0.05898617511520732,0.17603686635944715,-0.0004608294930875667,1.0,0.7283482142857143,70,nflverse play-by-play,2026-09-15T15:01:42+00:00
2026,1,,2026_01_CLE_JAX,CLE,Cleveland Browns,JAX,Jacksonville Jaguars,-24.0,49.21875,-0.40013587535293826,-0.5224382698150258,-0.15479399306892566,-1.2980361956103197,-0.08817866769349249,-2.0,-0.7225446428571428,49,nflverse play-by-play,2026-09-15T15:01:42+00:00
2026,1,,2026_01_CLE_JAX,JAX,Jacksonville Jaguars,CLE,Cleveland Browns,24.0,87.1875,0.40013587535293826,0.5224382698150258,0.15479399306892566,1.2980361956103197,0.08817866769349249,2.0,0.6709821428571429,53,nflverse play-by-play,2026-09-15T15:01:42+00:00
2026,1,,2026_01_DAL_NYG,DAL,Dallas Cowboys,NYG,New York Giants,-8.0,57.65625,-0.1754997737702036,-0.14820915902024492,-0.1384615384615384,-1.4461538461538463,-0.04230769230769231,0.0,0.046651785714285736,52,nflverse play-by-play,2026-09-15T15:01:42+00:00
2026,1,,2026_01_DAL_NYG,NYG,New York Giants,DAL,Dallas Cowboys,8.0,78.75,0.1754997737702036,0.14820915902024492,0.1384615384615384,1.4461538461538463,0.04230769230769231,0.0,-0.09821428571428574,65,nflverse play-by-play,2026-09-15T15:01:42+00:00
2026,1,,2026_01_DEN_KC,DEN,Denver Broncos,KC,Kansas City Chiefs,-21.0,47.8125,-0.40572677080867864,-0.5082807892503455,-0.052309782608695676,-2.339673913043478,-0.08763586956521739,-1.0,-0.328125,46,nflverse play-by-play,2026-09-15T15:01:42+00:00
2026,1,,2026_01_DEN_KC,KC,Kansas City Chiefs,DEN,Denver Broncos,21.0,88.59375,0.40572677080867864,0.5082807892503455,0.052309782608695676,2.339673913043478,0.08763586956521739,1.0,0.2765625,64,nflverse play-by-play,2026-09-15T15:01:42+00:00
2026,1,,2026_01_GB_MIN,GB,Green Bay Packers,MIN,Minnesota Vikings,-17.0,70.3125,0.011256660595462674,-0.15522798950868227,0.03212749810270682,2.1181381229445995,0.10043005312420947,-1.0,-0.9959821428571428,67,nflverse play-by-play,2026-09-15T15:01:42+00:00
2026,1,,2026_01_GB_MIN,MIN,Minnesota Vikings,GB,Green Bay Packers,17.0,66.09375,-0.011256660595462674,0.15522798950868227,-0.03212749810270682,-2.1181381229445995,-0.10043005312420947,1.0,0.9444196428571429,59,nflverse play-by-play,2026-09-15T15:01:42+00:00
2026,1,,2026_01_MIA_LV,LV,Las Vegas Raiders,MIA,Miami Dolphins,14.0,74.53125,0.10032213176285487,0.1967407444187153,0.08187499999999998,-0.5549999999999997,-0.06187500000000001,0.0,0.29218750000000004,64,nflverse play-by-play,2026-09-15T15:01:42+00:00
2026,1,,2026_01_MIA_LV,MIA,Miami Dolphins,LV,Las Vegas Raiders,-14.0,61.875,-0.10032213176285487,-0.1967407444187153,-0.08187499999999998,0.5549999999999997,0.06187500000000001,0.0,-0.34375,50,nflverse play-by-play,2026-09-15T15:01:42+00:00
2026,1,,2026_01_NE_SEA,NE,New England Patriots,SEA,Seattle Seahawks,-3.0,54.84375,-0.18348404268980978,-0.17523146397335282,0.013655128612257872,-1.9507780247697681,-0.08288345506510003,-3.0,-0.3287946428571429,67,nflverse play-by-play,2026-09-15T15:01:42+00:00
2026,1,,2026_01_NE_SEA,SEA,Seattle Seahawks,NE,New England Patriots,3.0,81.5625,0.18348404268980978,0.17523146397335282,-0.013655128612257872,1.9507780247697681,0.08288345506510003,3.0,0.27723214285714287,47,nflverse play-by-play,2026-09-15T15:01:42+00:00
2026,1,,2026_01_NO_DET,DET,Detroit Lions,NO,New Orleans Saints,1.0,71.71875,0.014748274294249566,0.03108684569522986,0.0334501433577572,-0.39869385154507775,0.016565785281936918,2.0,0.3345982142857143,73,nflverse play-by-play,2026-09-15T15:01:42+00:00
2026,1,,2026_01_NO_DET,NO,New Orleans Saints,DET,Detroit Lions,-1.0,64.6875,-0.014748274294249566,-0.03108684569522986,-0.0334501433577572,0.39869385154507775,-0.016565785281936918,-2.0,-0.3861607142857143,86,nflverse play-by-play,2026-09-15T15:01:42+00:00
2026,1,,2026_01_NYJ_TEN,NYJ,New York Jets,TEN,Tennessee Titans,13.0,84.375,0.26938703003820025,0.2869738847714689,0.05102040816326531,2.187074829931973,0.07585034013605443,0.0,-0.10803571428571428,60,nflverse play-by-play,2026-09-15T15:01:42+00:00
2026,1,,2026_01_NYJ_TEN,TEN,Tennessee Titans,NYJ,New York Jets,-13.0,52.03125,-0.26938703003820025,-0.2869738847714689,-0.05102040816326531,-2.187074829931973,-0.07585034013605443,0.0,0.05647321428571427,49,nflverse play-by-play,2026-09-15T15:01:42+00:00
2026,1,,2026_01_SF_LA,LA,Los Angeles Rams,SF,San Francisco 49ers,-20.0,50.625,-0.3164949576080366,-0.4434064847921813,-0.13392857142857145,-0.7254464285714288,-0.022321428571428575,-1.0,-0.39196428571428577,56,nflverse play-by-play,2026-09-15T15:01:42+00:00
2026,1,,2026_01_SF_LA,SF,San Francisco 49ers,LA,Los Angeles Rams,20.0,85.78125,0.3164949576080366,0.4434064847921813,0.13392857142857145,0.7254464285714288,0.022321428571428575,1.0,0.34040178571428575,64,nflverse play-by-play,2026-09-15T15:01:42+00:00
2026,1,,2026_01_TB_CIN,CIN,Cincinnati Bengals,TB,Tampa Bay Buccaneers,6.0,75.9375,0.12120288895855633,0.1836536974017727,-0.0028462998102466996,0.12839974699557288,0.054079696394686905,3.0,0.6013392857142857,62,nflverse play-by-play,2026-09-15T15:01:42+00:00
2026,1,,2026_01_TB_CIN,TB,Tampa Bay Buccaneers,CIN,Cincinnati Bengals,-6.0,60.46875,-0.12120288895855633,-0.1836536974017727,0.0028462998102466996,-0.12839974699557288,-0.054079696394686905,-3.0,-0.6529017857142857,51,nflverse play-by-play,2026-09-15T15:01:42+00:00
2026,1,,2026_01_WAS_PHI,PHI,Philadelphia Eagles,WAS,Washington Commanders,2.0,73.125,0.06686601464175906,0.01111956547429721,-0.07352941176470584,1.9362745098039218,0.044117647058823525,0.0,-0.12767857142857145,51,nflverse play-by-play,2026-09-15T15:01:42+00:00
2026,1,,2026_01_WAS_PHI,WAS,Washington Commanders,PHI,Philadelphia Eagles,-2.0,63.28125,-0.06686601464175906,-0.01111956547429721,0.07352941176470584,-1.9362745098039218,-0.044117647058823525,0.0,0.07611607142857144,68,nflverse play-by-play,2026-09-15T15:01:42+00:00
