feature,fit_2024_multiplier,fit_2024_delta_log_loss,validate_2025_delta_log_loss,validate_2025_delta_brier,fit_2024_25_multiplier,fit_2024_25_delta_log_loss,validate_2026_delta_log_loss,validate_2026_delta_brier,validate_2026_delta_accuracy,stable_positive
serve_return,-2.0,0.0,0.0,0.0,-2.0,0.0,0.0007953474027589946,0.0004035514144724861,-0.0005146680391147074,False
form,3.0000000000000044,-0.0008081740394401127,8.910178731924567e-05,-8.923303122787551e-05,2.4500000000000037,-0.0003954291032253199,5.6666699966290146e-05,5.6206758222737685e-05,0.0020586721564591626,False
opp_strength,3.0000000000000044,-0.0005053594239581294,0.0005132343020146646,0.00014089597641572804,1.5500000000000034,-0.0001012523606087612,0.00025893180332625665,0.00011687065978591149,0.0005146680391148184,False
surface_win,3.0000000000000044,-0.0011200807449845973,0.0013114450201675565,0.0003707633866427973,1.2500000000000027,-0.00019380797973422847,-0.0006877502357180987,-0.00029035721302259065,-0.0005146680391147074,False
fatigue,-0.09999999999999831,-8.69212891818627e-06,-0.00015878588397821858,-6.2505535658397e-05,-0.49999999999999867,-0.00022198728836619885,-0.0009217385490251084,-0.0004313536602970347,-0.0010293360782295258,True
transition,2.100000000000003,-0.0010246426465100322,-0.000867474034635829,-0.0003711799367278057,2.150000000000004,-0.0009479265840093287,-0.0017656013691246253,-0.0007439623289769437,0.0015440041173443442,True
pressure,0.7500000000000027,-6.724807878177863e-05,-0.0002281542770530276,-8.148015907311068e-05,1.2000000000000028,-0.00017268999714858957,-0.0001516518259645494,-1.531202762433681e-05,-0.0015440041173442332,True
deciding,-1.5999999999999996,-9.905998488513035e-05,-0.00011151360624328532,-7.785716963551459e-05,-1.7499999999999998,-0.00010567417379592214,0.0005365663967716872,0.0002039881677608213,0.0,False
experience,1.1000000000000028,-0.0006603297137660613,0.0009904363231559854,0.0002790260924589172,0.45000000000000195,-0.00013571035074133597,0.00043283852120468147,0.00019195151523210274,-0.0020586721564590515,False
