feature,action,fit_2024_multiplier,fit_2024_25_multiplier,validate_2025_delta_log_loss,validate_2026_delta_log_loss,recommended_multiplier_if_kept
transition,KEEP_CURRENT_SHAPE_RECALIBRATE,2.100000000000003,2.150000000000004,-0.000867474034635829,-0.0017656013691246253,2.1250000000000036
fatigue,REDESIGN_SIGN_OR_CONSTRUCTION,-0.09999999999999831,-0.49999999999999867,-0.00015878588397821858,-0.0009217385490251084,-0.2999999999999985
surface_win,DO_NOT_ADD_UNTIL_REDESIGNED,3.0000000000000044,1.2500000000000027,0.0013114450201675565,-0.0006877502357180987,0.0
pressure,KEEP_CURRENT_SHAPE_RECALIBRATE,0.7500000000000027,1.2000000000000028,-0.0002281542770530276,-0.0001516518259645494,0.9750000000000028
form,DO_NOT_ADD_UNTIL_REDESIGNED,3.0000000000000044,2.4500000000000037,8.910178731924567e-05,5.6666699966290146e-05,0.0
opp_strength,DO_NOT_ADD_UNTIL_REDESIGNED,3.0000000000000044,1.5500000000000034,0.0005132343020146646,0.00025893180332625665,0.0
experience,DO_NOT_ADD_UNTIL_REDESIGNED,1.1000000000000028,0.45000000000000195,0.0009904363231559854,0.00043283852120468147,0.0
deciding,DO_NOT_ADD_UNTIL_REDESIGNED,-1.5999999999999996,-1.7499999999999998,-0.00011151360624328532,0.0005365663967716872,0.0
serve_return,REDESIGN_DATA_COVERAGE_AND_BASELINE,-2.0,-2.0,0.0,0.0007953474027589946,0.0
